name,status
t3_17z1nn3,analyzed
t3_17z6d7w,analyzed
t3_17z5ghv,analyzed
t3_17zdeuv,analyzed
t3_17ywrfu,analyzed
t3_17ysvx9,analyzed
t3_17z1nn3,analyzed
t3_17ywrfu,analyzed
t3_17z5ghv,analyzed
t3_17z6d7w,analyzed
t3_17ysvx9,analyzed
t3_17zdeuv,analyzed
t3_17z1nn3,analyzed
t3_17z6d7w,analyzed
t3_17z5ghv,analyzed
t3_17ywrfu,analyzed
t3_17ysvx9,analyzed
t3_16tqlth,analyzed
t3_17y5rty,analyzed
t3_17xen03,analyzed
t3_17wy7x6,analyzed
t3_17wudmg,analyzed
t3_17wnxzm,analyzed
t3_17wkkue,analyzed
t3_17w3x9o,analyzed
t3_17w5cex,analyzed
t3_17ve3v4,analyzed
t3_17vbpsd,analyzed
t3_17v64lm,analyzed
t3_17u9zsm,analyzed
t3_17u5q7r,analyzed
t3_17u1ref,analyzed
t3_17t67sj,analyzed
t3_17syixw,analyzed
t3_17sqs2d,analyzed
t3_17sqvdv,analyzed
t3_17s83sf,analyzed
t3_17rngqm,analyzed
t3_17quxcj,analyzed
t3_17qjk6b,analyzed
t3_17qqj9v,analyzed
t3_17y5rty,analyzed
t3_16tqlth,analyzed
t3_17y5rty,analyzed
t3_17xen03,analyzed
t3_17wy7x6,analyzed
t3_17wudmg,analyzed
t3_17wnxzm,analyzed
t3_17wkkue,analyzed
t3_17w3x9o,analyzed
t3_17ve3v4,analyzed
t3_17vbpsd,analyzed
t3_17v64lm,analyzed
t3_17ub3zw,analyzed
t3_17u9zsm,analyzed
t3_17u5q7r,analyzed
t3_17u1ref,analyzed
t3_17t67sj,analyzed
t3_17sqs2d,analyzed
t3_17sqvdv,analyzed
t3_17slupz,analyzed
t3_17s83sf,analyzed
t3_17rngqm,analyzed
t3_17quxcj,analyzed
t3_17qjk6b,analyzed
t3_17qqj9v,analyzed
t3_16jlqhw,analyzed
t3_17wja60,analyzed
t3_17z1nn3,analyzed
t3_17z6d7w,analyzed
t3_17z5ghv,analyzed
t3_17zdeuv,analyzed
t3_17ywrfu,analyzed
t3_17yi0uk,analyzed
t3_17ysvx9,analyzed
t3_17y8vwe,analyzed
t3_17yk44t,analyzed
t3_17ybbk3,analyzed
t3_17xsxrn,analyzed
t3_17xke5f,analyzed
t3_17xdyeh,analyzed
t3_17xixjp,analyzed
t3_17xem3g,analyzed
t3_17x7dob,analyzed
t3_17xt9bd,analyzed
t3_17x7duo,analyzed
t3_17x3sw2,analyzed
t3_17x9cn1,analyzed
t3_17x1cun,analyzed
t3_17xqmlv,analyzed
t3_17wjlly,analyzed
t3_17z1nn3,analyzed
t3_17ywrfu,analyzed
t3_17z5ghv,analyzed
t3_17z6d7w,analyzed
t3_17ysvx9,analyzed
t3_17zdeuv,analyzed
t3_16jlqhw,analyzed
t3_17wja60,analyzed
t3_17z1nn3,analyzed
t3_17z6d7w,analyzed
t3_17z5ghv,analyzed
t3_17zdeuv,analyzed
t3_17ywrfu,analyzed
t3_17yi0uk,analyzed
t3_17ysvx9,analyzed
t3_17yeei9,analyzed
t3_17y8vwe,analyzed
t3_17wko7c,analyzed
t3_17wko7c,analyzed
t3_16wuu8e,analyzed
t3_13ydsz6,analyzed
t3_13l54vg,analyzed
t3_12lqo5n,analyzed
t3_ywudo8,analyzed
t3_y01ig3,analyzed
t3_vfnxgp,analyzed
t3_tqzeii,analyzed
t3_lxftjr,analyzed
t3_b3nlqn,analyzed
t3_16wuu8e,analyzed
t3_13ydsz6,analyzed
t3_13l54vg,analyzed
t3_12lqo5n,analyzed
t3_ywudo8,analyzed
t3_y01ig3,analyzed
t3_tqzeii,analyzed
t3_lxftjr,analyzed
t3_b3nlqn,analyzed
